Date, Interest Rates 
1/1/2001,5.98
2/1/2001,5.49
3/1/2001,5.31
4/1/2001,4.8
5/1/2001,4.21
6/1/2001,3.97
7/1/2001,3.77
8/1/2001,3.65
9/1/2001,3.07
10/1/2001,2.49
11/1/2001,2.09
12/1/2001,1.82
1/1/2002,1.73
2/1/2002,1.74
3/1/2002,1.73
4/1/2002,1.75
5/1/2002,1.75
6/1/2002,1.75
7/1/2002,1.73
8/1/2002,1.74
9/1/2002,1.75
10/1/2002,1.75
11/1/2002,1.34
12/1/2002,1.24
1/1/2003,1.24
2/1/2003,1.26
3/1/2003,1.25
4/1/2003,1.26
5/1/2003,1.26
6/1/2003,1.22
7/1/2003,1.01
8/1/2003,1.03
9/1/2003,1.01
10/1/2003,1.01
11/1/2003,1
12/1/2003,0.98
1/1/2004,1
2/1/2004,1.01
3/1/2004,1
4/1/2004,1
5/1/2004,1
6/1/2004,1.03
7/1/2004,1.26
8/1/2004,1.43
9/1/2004,1.61
10/1/2004,1.76
11/1/2004,1.93
12/1/2004,2.16
1/1/2005,2.28
2/1/2005,2.5
3/1/2005,2.63
4/1/2005,2.79
5/1/2005,3
6/1/2005,3.04
7/1/2005,3.26
8/1/2005,3.5
9/1/2005,3.62
10/1/2005,3.78
11/1/2005,4
12/1/2005,4.16
1/1/2006,4.29
2/1/2006,4.49
3/1/2006,4.59
4/1/2006,4.79
5/1/2006,4.94
6/1/2006,4.99
7/1/2006,5.24
8/1/2006,5.25
9/1/2006,5.25
10/1/2006,5.25
11/1/2006,5.25
12/1/2006,5.24
1/1/2007,5.25
2/1/2007,5.26
3/1/2007,5.26
4/1/2007,5.25
5/1/2007,5.25
6/1/2007,5.25
7/1/2007,5.26
8/1/2007,5.02
9/1/2007,4.94
10/1/2007,4.76
11/1/2007,4.49
12/1/2007,4.24
1/1/2008,3.94
2/1/2008,2.98
3/1/2008,2.61
4/1/2008,2.28
5/1/2008,1.98
6/1/2008,2
7/1/2008,2.01
8/1/2008,2
9/1/2008,1.81
10/1/2008,0.97
11/1/2008,0.39
12/1/2008,0.16
1/1/2009,0.15
2/1/2009,0.22
3/1/2009,0.18
4/1/2009,0.15
5/1/2009,0.18
6/1/2009,0.21
7/1/2009,0.16
8/1/2009,0.16
9/1/2009,0.15
10/1/2009,0.12
11/1/2009,0.12
12/1/2009,0.12
1/1/2010,0.11
2/1/2010,0.13
3/1/2010,0.16
4/1/2010,0.2
5/1/2010,0.2
6/1/2010,0.18
7/1/2010,0.18
8/1/2010,0.19
9/1/2010,0.19
10/1/2010,0.19
11/1/2010,0.19
12/1/2010,0.18
1/1/2011,0.17
2/1/2011,0.16
3/1/2011,0.14
4/1/2011,0.1
5/1/2011,0.09
6/1/2011,0.09
7/1/2011,0.07
8/1/2011,0.1
9/1/2011,0.08
10/1/2011,0.07
11/1/2011,0.08
12/1/2011,0.07
1/1/2012,0.08
2/1/2012,0.1
3/1/2012,0.13
4/1/2012,0.14
5/1/2012,0.16
6/1/2012,0.16
7/1/2012,0.16
8/1/2012,0.13
9/1/2012,0.14
10/1/2012,0.16
11/1/2012,0.16
12/1/2012,0.16
1/1/2013,0.14
2/1/2013,0.15
3/1/2013,0.14
4/1/2013,0.15
5/1/2013,0.11
6/1/2013,0.09
7/1/2013,0.09
8/1/2013,0.08
9/1/2013,0.08
10/1/2013,0.09
11/1/2013,0.08
12/1/2013,0.09
1/1/2014,0.07
2/1/2014,0.07
3/1/2014,0.08
4/1/2014,0.09
5/1/2014,0.09
6/1/2014,0.1
7/1/2014,0.09
8/1/2014,0.09
9/1/2014,0.09
10/1/2014,0.09
11/1/2014,0.09
12/1/2014,0.12
1/1/2015,0.11
2/1/2015,0.11
3/1/2015,0.11
4/1/2015,0.12
5/1/2015,0.12
6/1/2015,0.13
7/1/2015,0.13
8/1/2015,0.14
9/1/2015,0.14
10/1/2015,0.12
11/1/2015,0.12
12/1/2015,0.24
1/1/2016,0.34
2/1/2016,0.38
3/1/2016,0.36
4/1/2016,0.37
5/1/2016,0.37
6/1/2016,0.38
7/1/2016,0.39
8/1/2016,0.4
9/1/2016,0.4
10/1/2016,0.4
11/1/2016,0.41
12/1/2016,0.54
1/1/2017,0.65
2/1/2017,0.66
3/1/2017,0.79
4/1/2017,0.9
5/1/2017,0.91
6/1/2017,1.04
7/1/2017,1.15
8/1/2017,1.16
9/1/2017,1.15
10/1/2017,1.15
11/1/2017,1.16
12/1/2017,1.3
1/1/2018,1.42
2/1/2018,1.42
3/1/2018,1.51
4/1/2018,1.69
5/1/2018,1.7
6/1/2018,1.8
7/1/2018,1.91
8/1/2018,1.91
9/1/2018,1.95
10/1/2018,2.19
11/1/2018,2.2
12/1/2018,2.27
1/1/2019,2.4
2/1/2019,2.4
3/1/2019,2.4
4/1/2019,2.42
5/1/2019,2.39
6/1/2019,2.38
7/1/2019,2.4
8/1/2019,2.13
9/1/2019,2.05
10/1/2019,1.83
11/1/2019,1.55
12/1/2019,1.55
1/1/2020,1.55
2/1/2020,1.58
3/1/2020,0.63
4/1/2020,0.05
5/1/2020,0.05
6/1/2020,0.08
7/1/2020,0.09
8/1/2020,0.09
9/1/2020,0.09
10/1/2020,0.09
11/1/2020,0.09
12/1/2020,0.09
1/1/2021,0.09
2/1/2021,0.08
3/1/2021,0.07
4/1/2021,0.07
5/1/2021,0.06
6/1/2021,0.08
7/1/2021,0.1
8/1/2021,0.09
9/1/2021,0.08
10/1/2021,0.08
11/1/2021,0.08
12/1/2021,0.08
